slot,condition,endorser_pid,endorser_gender,q1_pair_id,q1_slider_value,q1_is_correct,q1_abs_strength,q2_pair_id,q2_slider_value,q2_is_correct
1,M_correct_strong,63d80b500adef5b476e289a4,Man,dominant_woman_wins,0,1,50.0,unknown_man_word,15,0
2,M_correct_strong,6598942c3d07928cc188ffdb,Man,misleading_man_looks_better,100,1,50.0,man_vs_man,1,1
3,M_correct_strong,5f5452df72345118f58d187b,Man,dominant_woman_wins,0,1,50.0,misleading_man_looks_better,0,0
4,M_correct_strong,62877d5f6a054e53313ac916,Man,dominant_woman_wins,0,1,50.0,split_unknowns,99,1
5,M_correct_strong,63ecff07b619306f41db42fa,Man,dominant_man_wins,0,1,50.0,dominant_woman_wins,1,1
6,M_correct_strong,55d234b45bc5bc0005d9039d,Man,dominant_woman_wins,0,1,50.0,unknown_woman_gk,75,0
7,M_correct_strong,62029a55ef1cb18a1337c61a,Man,dominant_woman_wins,0,1,50.0,dominant_man_wins,5,1
8,M_correct_strong,66b01097e95b0626c2cd7b5c,Man,misleading_woman_looks_better,100,1,50.0,dominant_man_wins,5,1
9,M_correct_weak,65fd19896d58d64c0d8cbc3c,Man,identical_woman_woman,51,1,1.0,dominant_woman_wins,1,1
10,M_correct_weak,66be78ef3ca75af1251ce936,Man,identical_woman_woman,51,1,1.0,misleading_man_looks_better,0,0
11,M_correct_weak,664439645a9a29be43d5bf5a,Man,close_woman_wins,49,1,1.0,unknown_woman_gk,75,0
12,M_correct_weak,6745f39f437c441b19285a1a,Man,identical_woman_woman,51,1,1.0,misleading_man_looks_better,4,0
13,M_correct_weak,66bffd8c97a80ac91e1087e0,Man,identical_woman_woman,51,1,1.0,dominant_woman_wins,1,1
14,M_correct_weak,6446b4a6eb2ba64c1505307d,Man,split_unknowns,51,1,1.0,misleading_woman_looks_better,2,0
15,M_correct_weak,66e9cc5fb04f5ba6d8b5a3f1,Man,split_unknowns,51,1,1.0,misleading_man_looks_better,5,0
16,M_correct_weak,6675f3ac3a5d0633257190c4,Man,identical_woman_woman,51,1,1.0,misleading_woman_looks_better,1,0
17,M_incorrect_strong,59e7477e3e4b5a00016aa4d2,Man,dominant_woman_wins,100,0,50.0,split_unknowns,1,0
18,M_incorrect_strong,5eac686d82cc012af1e953c7,Man,unknown_woman_gk,100,0,50.0,man_vs_man,82,0
19,M_incorrect_strong,591d369e88bbb500013a8517,Man,misleading_woman_looks_better,0,0,50.0,unknown_woman_gk,86,0
20,M_incorrect_strong,6398db762e009c7af9e1da88,Man,misleading_man_looks_better,0,0,50.0,unknown_woman_gk,85,0
21,M_incorrect_strong,67a95d468d14bd6324b4bbba,Man,misleading_woman_looks_better,0,0,50.0,close_woman_wins,81,0
22,M_incorrect_strong,6702c3ee33eed6369eb34c8f,Man,misleading_man_looks_better,0,0,50.0,split_unknowns,20,0
23,M_incorrect_strong,570521cfde5095001018a0c8,Man,misleading_woman_looks_better,0,0,50.0,man_vs_man,7,1
24,M_incorrect_strong,633c74ad6178784ed5b52104,Man,misleading_man_looks_better,0,0,50.0,dominant_man_wins,5,1
25,M_incorrect_weak,5e5731e3e1e8b90e25c1f3a2,Man,close_woman_wins,51,0,1.0,misleading_man_looks_better,11,0
26,M_incorrect_weak,641385c88f29eb3264283818,Man,identical_woman_woman,49,0,1.0,dominant_woman_wins,2,1
27,M_incorrect_weak,5bf4afe0b8e9f800014c9c0b,Man,identical_woman_woman,49,0,1.0,unknown_woman_gk,80,0
28,M_incorrect_weak,622a11c552b2b35bab72a39c,Man,identical_woman_woman,49,0,1.0,unknown_woman_gk,65,0
29,M_incorrect_weak,666b5817eadabfbefc40fe1b,Man,split_unknowns,49,0,1.0,dominant_man_wins,21,1
30,M_incorrect_weak,67aa52dcb66d138fca70a211,Man,identical_woman_woman,49,0,1.0,misleading_man_looks_better,5,0
31,M_incorrect_weak,66956649d7179281d46fa6f2,Man,unknown_man_word,48,0,2.0,dominant_woman_wins,5,1
32,M_incorrect_weak,63ed04d2ce3b27bda2fbbb9c,Man,identical_woman_woman,48,0,2.0,misleading_man_looks_better,6,0
33,W_correct_strong,R_6LuSAqe1z1kqjId,Woman,misleading_woman_looks_better,100,1,50.0,unknown_man_word,61,1
34,W_correct_strong,5f285dc5b09b3715fa20a14c,Woman,dominant_man_wins,0,1,50.0,unknown_woman_gk,75,0
35,W_correct_strong,6632e71b65934c5810fb2eff,Woman,misleading_woman_looks_better,100,1,50.0,dominant_man_wins,94,0
36,W_correct_strong,5d537c0cecc84200153075e9,Woman,dominant_woman_wins,0,1,50.0,unknown_man_word,4,0
37,W_correct_strong,67215f2922159d42abf932a4,Woman,dominant_woman_wins,0,1,50.0,dominant_man_wins,8,1
38,W_correct_strong,6643d22289210a4edf21e84d,Woman,dominant_woman_wins,0,1,50.0,man_vs_man,7,1
39,W_correct_strong,663e26ccdbc470527165388b,Woman,dominant_woman_wins,0,1,50.0,man_vs_man,21,1
40,W_correct_strong,5f5967d6e280e61b2db8e55c,Woman,dominant_man_wins,0,1,50.0,man_vs_man,90,0
41,W_correct_weak,5f4ee7ff2c5da213f015a27e,Woman,identical_woman_woman,51,1,1.0,misleading_man_looks_better,13,0
42,W_correct_weak,65a7027c88eae2b9a68ae596,Woman,identical_woman_woman,51,1,1.0,dominant_man_wins,1,1
43,W_correct_weak,63d5b810f3dbbd11e7e65870,Woman,identical_woman_woman,51,1,1.0,close_woman_wins,98,0
44,W_correct_weak,6473bd2d95a488b826bc24c4,Woman,split_unknowns,51,1,1.0,unknown_man_word,5,0
45,W_correct_weak,65e8ff784cc1b2fc71bc5368,Woman,identical_woman_woman,51,1,1.0,misleading_woman_looks_better,5,0
46,W_correct_weak,66ccca31c45aad520357f3fb,Woman,identical_woman_woman,52,1,2.0,misleading_woman_looks_better,1,0
47,W_correct_weak,652ecb92078fe073ab29b920,Woman,close_woman_wins,48,1,2.0,dominant_man_wins,1,1
48,W_correct_weak,5b81e0a72ce68d0001fa68d5,Woman,close_woman_wins,48,1,2.0,dominant_man_wins,12,1
49,W_incorrect_strong,62d59a066ee263bb659aa445,Woman,misleading_woman_looks_better,0,0,50.0,split_unknowns,91,1
50,W_incorrect_strong,62b628e4351d179f1ff6cc59,Woman,misleading_woman_looks_better,0,0,50.0,unknown_woman_gk,65,0
51,W_incorrect_strong,655f96e689f922fe983fed35,Woman,misleading_woman_looks_better,0,0,50.0,misleading_man_looks_better,13,0
52,W_incorrect_strong,671498899f67df85f33ea053,Woman,misleading_woman_looks_better,0,0,50.0,close_woman_wins,90,0
53,W_incorrect_strong,5c005838232b6c0001221acf,Woman,dominant_man_wins,100,0,50.0,misleading_man_looks_better,83,1
54,W_incorrect_strong,61bb392e40db417c1a138dcb,Woman,misleading_woman_looks_better,0,0,50.0,identical_woman_woman,5,0
55,W_incorrect_strong,66db9db4324609f1a7231f49,Woman,misleading_woman_looks_better,0,0,50.0,dominant_man_wins,1,1
56,W_incorrect_strong,65714a2185b7c4c7ee00ddcd,Woman,misleading_woman_looks_better,0,0,50.0,misleading_man_looks_better,15,0
57,W_incorrect_weak,5e9f3f09ccc75a0c345e4845,Woman,split_unknowns,49,0,1.0,misleading_woman_looks_better,5,0
58,W_incorrect_weak,66e7853b4e311a12f93b5411,Woman,identical_woman_woman,49,0,1.0,dominant_woman_wins,2,1
59,W_incorrect_weak,65cb86a7e667e637599a3af3,Woman,identical_woman_woman,49,0,1.0,dominant_woman_wins,1,1
60,W_incorrect_weak,63d414f95753ac660a9e09e1,Woman,identical_woman_woman,49,0,1.0,dominant_man_wins,16,1
61,W_incorrect_weak,5e05ab290db892fcd8036b1a,Woman,identical_woman_woman,49,0,1.0,misleading_man_looks_better,5,0
62,W_incorrect_weak,61188057fe5a395476806c12,Woman,identical_woman_woman,49,0,1.0,man_vs_man,28,1
63,W_incorrect_weak,63d3f99eac52371a49e65825,Woman,unknown_man_word,48,0,2.0,dominant_woman_wins,6,1
64,W_incorrect_weak,6679dc943f855ba978447c25,Woman,identical_woman_woman,48,0,2.0,dominant_man_wins,8,1
